id,QID,categorySlug
0,1,algorithms
1,2,algorithms
2,3,algorithms
3,4,algorithms
4,5,algorithms
5,6,algorithms
6,7,algorithms
7,8,algorithms
8,9,algorithms
9,10,algorithms
10,11,algorithms
11,12,algorithms
12,13,algorithms
13,14,algorithms
14,15,algorithms
15,16,algorithms
16,17,algorithms
17,18,algorithms
18,19,algorithms
19,20,algorithms
20,21,algorithms
21,22,algorithms
22,23,algorithms
23,24,algorithms
24,25,algorithms
25,26,algorithms
26,27,algorithms
27,28,algorithms
28,29,algorithms
29,30,algorithms
30,31,algorithms
31,32,algorithms
32,33,algorithms
33,34,algorithms
34,35,algorithms
35,36,algorithms
36,37,algorithms
37,38,algorithms
38,39,algorithms
39,40,algorithms
40,41,algorithms
41,42,algorithms
42,43,algorithms
43,44,algorithms
44,45,algorithms
45,46,algorithms
46,47,algorithms
47,48,algorithms
48,49,algorithms
49,50,algorithms
50,51,algorithms
51,52,algorithms
52,53,algorithms
53,54,algorithms
54,55,algorithms
55,56,algorithms
56,57,algorithms
57,58,algorithms
58,59,algorithms
59,60,algorithms
60,61,algorithms
61,62,algorithms
62,63,algorithms
63,64,algorithms
64,65,algorithms
65,66,algorithms
66,67,algorithms
67,68,algorithms
68,69,algorithms
69,70,algorithms
70,71,algorithms
71,72,algorithms
72,73,algorithms
73,74,algorithms
74,75,algorithms
75,76,algorithms
76,77,algorithms
77,78,algorithms
78,79,algorithms
79,80,algorithms
80,81,algorithms
81,82,algorithms
82,83,algorithms
83,84,algorithms
84,85,algorithms
85,86,algorithms
86,87,algorithms
87,88,algorithms
88,89,algorithms
89,90,algorithms
90,91,algorithms
91,92,algorithms
92,93,algorithms
93,94,algorithms
94,95,algorithms
95,96,algorithms
96,97,algorithms
97,98,algorithms
98,99,algorithms
99,100,algorithms
100,101,algorithms
101,102,algorithms
102,103,algorithms
103,104,algorithms
104,105,algorithms
105,106,algorithms
106,107,algorithms
107,108,algorithms
108,109,algorithms
109,110,algorithms
110,111,algorithms
111,112,algorithms
112,113,algorithms
113,114,algorithms
114,115,algorithms
115,116,algorithms
116,117,algorithms
117,118,algorithms
118,119,algorithms
119,120,algorithms
120,121,algorithms
121,122,algorithms
122,123,algorithms
123,124,algorithms
124,125,algorithms
125,126,algorithms
126,127,algorithms
127,128,algorithms
128,129,algorithms
129,130,algorithms
130,131,algorithms
131,132,algorithms
132,133,algorithms
133,134,algorithms
134,135,algorithms
135,136,algorithms
136,137,algorithms
137,138,algorithms
138,139,algorithms
139,140,algorithms
140,141,algorithms
141,142,algorithms
142,143,algorithms
143,144,algorithms
144,145,algorithms
145,146,algorithms
146,147,algorithms
147,148,algorithms
148,149,algorithms
149,150,algorithms
150,151,algorithms
151,152,algorithms
152,153,algorithms
153,154,algorithms
154,155,algorithms
155,156,algorithms
156,157,algorithms
157,158,algorithms
158,159,algorithms
159,160,algorithms
160,161,algorithms
161,162,algorithms
162,163,algorithms
163,164,algorithms
164,165,algorithms
165,166,algorithms
166,167,algorithms
167,168,algorithms
168,169,algorithms
169,170,algorithms
170,171,algorithms
171,172,algorithms
172,173,algorithms
173,174,algorithms
174,179,algorithms
175,186,algorithms
176,187,algorithms
177,188,algorithms
178,189,algorithms
179,190,algorithms
180,191,algorithms
181,198,algorithms
182,199,algorithms
183,200,algorithms
184,201,algorithms
185,202,algorithms
186,203,algorithms
187,204,algorithms
188,205,algorithms
189,206,algorithms
190,207,algorithms
191,208,algorithms
192,209,algorithms
193,210,algorithms
194,211,algorithms
195,212,algorithms
196,213,algorithms
197,214,algorithms
198,215,algorithms
199,216,algorithms
200,217,algorithms
201,218,algorithms
202,219,algorithms
203,220,algorithms
204,221,algorithms
205,222,algorithms
206,223,algorithms
207,224,algorithms
208,225,algorithms
209,226,algorithms
210,227,algorithms
211,228,algorithms
212,229,algorithms
213,230,algorithms
214,231,algorithms
215,232,algorithms
216,233,algorithms
217,234,algorithms
218,235,algorithms
219,236,algorithms
220,237,algorithms
221,238,algorithms
222,239,algorithms
223,240,algorithms
224,241,algorithms
225,242,algorithms
226,243,algorithms
227,244,algorithms
228,245,algorithms
229,246,algorithms
230,247,algorithms
231,248,algorithms
232,249,algorithms
233,250,algorithms
234,251,algorithms
235,252,algorithms
236,253,algorithms
237,254,algorithms
238,255,algorithms
239,256,algorithms
240,257,algorithms
241,258,algorithms
242,259,algorithms
243,260,algorithms
244,261,algorithms
245,263,algorithms
246,264,algorithms
247,265,algorithms
248,266,algorithms
249,267,algorithms
250,268,algorithms
251,269,algorithms
252,270,algorithms
253,271,algorithms
254,272,algorithms
255,273,algorithms
256,274,algorithms
257,275,algorithms
258,276,algorithms
259,277,algorithms
260,278,algorithms
261,279,algorithms
262,280,algorithms
263,281,algorithms
264,282,algorithms
265,283,algorithms
266,284,algorithms
267,285,algorithms
268,286,algorithms
269,287,algorithms
270,288,algorithms
271,289,algorithms
272,290,algorithms
273,291,algorithms
274,292,algorithms
275,293,algorithms
276,294,algorithms
277,295,algorithms
278,296,algorithms
279,297,algorithms
280,298,algorithms
281,299,algorithms
282,300,algorithms
283,301,algorithms
284,302,algorithms
285,303,algorithms
286,304,algorithms
287,305,algorithms
288,306,algorithms
289,307,algorithms
290,308,algorithms
291,309,algorithms
292,310,algorithms
293,311,algorithms
294,312,algorithms
295,313,algorithms
296,314,algorithms
297,315,algorithms
298,316,algorithms
299,317,algorithms
300,318,algorithms
301,319,algorithms
302,320,algorithms
303,321,algorithms
304,322,algorithms
305,323,algorithms
306,324,algorithms
307,325,algorithms
308,326,algorithms
309,327,algorithms
310,328,algorithms
311,329,algorithms
312,330,algorithms
313,331,algorithms
314,332,algorithms
315,333,algorithms
316,334,algorithms
317,335,algorithms
318,336,algorithms
319,337,algorithms
320,338,algorithms
321,339,algorithms
322,340,algorithms
323,341,algorithms
324,342,algorithms
325,343,algorithms
326,344,algorithms
327,345,algorithms
328,346,algorithms
329,347,algorithms
330,348,algorithms
331,349,algorithms
332,350,algorithms
333,351,algorithms
334,352,algorithms
335,353,algorithms
336,354,algorithms
337,355,algorithms
338,356,algorithms
339,357,algorithms
340,358,algorithms
341,359,algorithms
342,360,algorithms
343,361,algorithms
344,362,algorithms
345,363,algorithms
346,364,algorithms
347,365,algorithms
348,366,algorithms
349,367,algorithms
350,368,algorithms
351,369,algorithms
352,370,algorithms
353,371,algorithms
354,372,algorithms
355,373,algorithms
356,374,algorithms
357,375,algorithms
358,376,algorithms
359,377,algorithms
360,378,algorithms
361,379,algorithms
362,380,algorithms
363,381,algorithms
364,382,algorithms
365,383,algorithms
366,384,algorithms
367,385,algorithms
368,386,algorithms
369,387,algorithms
370,388,algorithms
371,389,algorithms
372,390,algorithms
373,391,algorithms
374,392,algorithms
375,393,algorithms
376,394,algorithms
377,395,algorithms
378,396,algorithms
379,397,algorithms
380,398,algorithms
381,399,algorithms
382,400,algorithms
383,401,algorithms
384,402,algorithms
385,403,algorithms
386,404,algorithms
387,405,algorithms
388,406,algorithms
389,407,algorithms
390,408,algorithms
391,409,algorithms
392,410,algorithms
393,411,algorithms
394,412,algorithms
395,413,algorithms
396,414,algorithms
397,415,algorithms
398,416,algorithms
399,417,algorithms
400,418,algorithms
401,419,algorithms
402,420,algorithms
403,421,algorithms
404,422,algorithms
405,423,algorithms
406,424,algorithms
407,425,algorithms
408,426,algorithms
409,427,algorithms
410,428,algorithms
411,429,algorithms
412,430,algorithms
413,431,algorithms
414,432,algorithms
415,433,algorithms
416,434,algorithms
417,435,algorithms
418,436,algorithms
419,437,algorithms
420,438,algorithms
421,439,algorithms
422,440,algorithms
423,441,algorithms
424,442,algorithms
425,443,algorithms
426,444,algorithms
427,445,algorithms
428,446,algorithms
429,447,algorithms
430,448,algorithms
431,449,algorithms
432,450,algorithms
433,451,algorithms
434,452,algorithms
435,453,algorithms
436,454,algorithms
437,455,algorithms
438,456,algorithms
439,457,algorithms
440,458,algorithms
441,459,algorithms
442,460,algorithms
443,461,algorithms
444,462,algorithms
445,463,algorithms
446,464,algorithms
447,465,algorithms
448,466,algorithms
449,467,algorithms
450,468,algorithms
451,469,algorithms
452,470,algorithms
453,471,algorithms
454,472,algorithms
455,473,algorithms
456,474,algorithms
457,475,algorithms
458,476,algorithms
459,477,algorithms
460,478,algorithms
461,479,algorithms
462,480,algorithms
463,481,algorithms
464,482,algorithms
465,483,algorithms
466,484,algorithms
467,485,algorithms
468,486,algorithms
469,487,algorithms
470,488,algorithms
471,489,algorithms
472,490,algorithms
473,491,algorithms
474,492,algorithms
475,493,algorithms
476,494,algorithms
477,495,algorithms
478,496,algorithms
479,497,algorithms
480,498,algorithms
481,499,algorithms
482,500,algorithms
483,501,algorithms
484,502,algorithms
485,503,algorithms
486,504,algorithms
487,505,algorithms
488,506,algorithms
489,507,algorithms
490,508,algorithms
491,509,algorithms
492,510,algorithms
493,513,algorithms
494,514,algorithms
495,515,algorithms
496,516,algorithms
497,517,algorithms
498,518,algorithms
499,519,algorithms
500,520,algorithms
501,521,algorithms
502,522,algorithms
503,523,algorithms
504,524,algorithms
505,525,algorithms
506,526,algorithms
507,527,algorithms
508,528,algorithms
509,529,algorithms
510,530,algorithms
511,531,algorithms
512,532,algorithms
513,533,algorithms
514,535,algorithms
515,536,algorithms
516,537,algorithms
517,538,algorithms
518,539,algorithms
519,540,algorithms
520,541,algorithms
521,542,algorithms
522,543,algorithms
523,544,algorithms
524,545,algorithms
525,546,algorithms
526,547,algorithms
527,548,algorithms
528,549,algorithms
529,551,algorithms
530,552,algorithms
531,553,algorithms
532,554,algorithms
533,555,algorithms
534,556,algorithms
535,557,algorithms
536,558,algorithms
537,559,algorithms
538,560,algorithms
539,561,algorithms
540,562,algorithms
541,563,algorithms
542,564,algorithms
543,565,algorithms
544,566,algorithms
545,567,algorithms
546,568,algorithms
547,572,algorithms
548,573,algorithms
549,575,algorithms
550,576,algorithms
551,581,algorithms
552,582,algorithms
553,583,algorithms
554,587,algorithms
555,588,algorithms
556,589,algorithms
557,590,algorithms
558,591,algorithms
559,592,algorithms
560,593,algorithms
561,594,algorithms
562,598,algorithms
563,599,algorithms
564,600,algorithms
565,604,algorithms
566,605,algorithms
567,606,algorithms
568,609,algorithms
569,611,algorithms
570,616,algorithms
571,617,algorithms
572,621,algorithms
573,622,algorithms
574,623,algorithms
575,624,algorithms
576,625,algorithms
577,628,algorithms
578,629,algorithms
579,630,algorithms
580,631,algorithms
581,632,algorithms
582,633,algorithms
583,634,algorithms
584,635,algorithms
585,636,algorithms
586,637,algorithms
587,638,algorithms
588,639,algorithms
589,640,algorithms
590,641,algorithms
591,642,algorithms
592,643,algorithms
593,644,algorithms
594,645,algorithms
595,646,algorithms
596,647,algorithms
597,648,algorithms
598,649,algorithms
599,650,algorithms
600,651,algorithms
601,652,algorithms
602,653,algorithms
603,654,algorithms
604,655,algorithms
605,656,algorithms
606,657,algorithms
607,658,algorithms
608,659,algorithms
609,660,algorithms
610,661,algorithms
611,662,algorithms
612,663,algorithms
613,664,algorithms
614,665,algorithms
615,666,algorithms
616,667,algorithms
617,668,algorithms
618,669,algorithms
619,670,algorithms
620,671,algorithms
621,672,algorithms
622,673,algorithms
623,674,algorithms
624,675,algorithms
625,676,algorithms
626,677,algorithms
627,678,algorithms
628,679,algorithms
629,680,algorithms
630,681,algorithms
631,682,algorithms
632,683,algorithms
633,684,algorithms
634,685,algorithms
635,686,algorithms
636,687,algorithms
637,688,algorithms
638,689,algorithms
639,690,algorithms
640,691,algorithms
641,692,algorithms
642,693,algorithms
643,694,algorithms
644,695,algorithms
645,696,algorithms
646,697,algorithms
647,698,algorithms
648,699,algorithms
649,700,algorithms
650,701,algorithms
651,702,algorithms
652,703,algorithms
653,704,algorithms
654,705,algorithms
655,706,algorithms
656,707,algorithms
657,708,algorithms
658,709,algorithms
659,710,algorithms
660,711,algorithms
661,712,algorithms
662,713,algorithms
663,714,algorithms
664,715,algorithms
665,716,algorithms
666,717,algorithms
667,718,algorithms
668,719,algorithms
669,720,algorithms
670,721,algorithms
671,722,algorithms
672,723,algorithms
673,724,algorithms
674,725,algorithms
675,726,algorithms
676,727,algorithms
677,728,algorithms
678,729,algorithms
679,730,algorithms
680,731,algorithms
681,732,algorithms
682,733,algorithms
683,734,algorithms
684,735,algorithms
685,736,algorithms
686,737,algorithms
687,738,algorithms
688,739,algorithms
689,740,algorithms
690,741,algorithms
691,742,algorithms
692,743,algorithms
693,744,algorithms
694,745,algorithms
695,746,algorithms
696,747,algorithms
697,748,algorithms
698,749,algorithms
699,750,algorithms
700,751,algorithms
701,752,algorithms
702,753,algorithms
703,754,algorithms
704,755,algorithms
705,756,algorithms
706,757,algorithms
707,758,algorithms
708,759,algorithms
709,760,algorithms
710,761,algorithms
711,762,algorithms
712,763,algorithms
713,764,algorithms
714,765,algorithms
715,766,algorithms
716,767,algorithms
717,768,algorithms
718,769,algorithms
719,770,algorithms
720,771,algorithms
721,772,algorithms
722,773,algorithms
723,774,algorithms
724,775,algorithms
725,776,algorithms
726,777,algorithms
727,778,algorithms
728,779,algorithms
729,780,algorithms
730,781,algorithms
731,782,algorithms
732,783,algorithms
733,784,algorithms
734,785,algorithms
735,786,algorithms
736,787,algorithms
737,788,algorithms
738,789,algorithms
739,790,algorithms
740,791,algorithms
741,792,algorithms
742,793,algorithms
743,794,algorithms
744,795,algorithms
745,796,algorithms
746,797,algorithms
747,798,algorithms
748,799,algorithms
749,800,algorithms
750,801,algorithms
751,802,algorithms
752,803,algorithms
753,804,algorithms
754,805,algorithms
755,806,algorithms
756,807,algorithms
757,808,algorithms
758,809,algorithms
759,810,algorithms
760,811,algorithms
761,812,algorithms
762,813,algorithms
763,814,algorithms
764,815,algorithms
765,816,algorithms
766,817,algorithms
767,818,algorithms
768,819,algorithms
769,820,algorithms
770,821,algorithms
771,822,algorithms
772,823,algorithms
773,824,algorithms
774,825,algorithms
775,826,algorithms
776,827,algorithms
777,828,algorithms
778,829,algorithms
779,830,algorithms
780,831,algorithms
781,832,algorithms
782,833,algorithms
783,834,algorithms
784,835,algorithms
785,836,algorithms
786,837,algorithms
787,838,algorithms
788,839,algorithms
789,840,algorithms
790,841,algorithms
791,842,algorithms
792,843,algorithms
793,844,algorithms
794,845,algorithms
795,846,algorithms
796,847,algorithms
797,848,algorithms
798,849,algorithms
799,850,algorithms
800,851,algorithms
801,852,algorithms
802,853,algorithms
803,854,algorithms
804,855,algorithms
805,856,algorithms
806,857,algorithms
807,858,algorithms
808,859,algorithms
809,860,algorithms
810,861,algorithms
811,862,algorithms
812,863,algorithms
813,864,algorithms
814,865,algorithms
815,866,algorithms
816,867,algorithms
817,868,algorithms
818,869,algorithms
819,870,algorithms
820,871,algorithms
821,872,algorithms
822,873,algorithms
823,874,algorithms
824,875,algorithms
825,876,algorithms
826,877,algorithms
827,878,algorithms
828,879,algorithms
829,880,algorithms
830,881,algorithms
831,882,algorithms
832,883,algorithms
833,884,algorithms
834,885,algorithms
835,886,algorithms
836,887,algorithms
837,888,algorithms
838,889,algorithms
839,890,algorithms
840,891,algorithms
841,892,algorithms
842,893,algorithms
843,894,algorithms
844,895,algorithms
845,896,algorithms
846,897,algorithms
847,898,algorithms
848,899,algorithms
849,900,algorithms
850,901,algorithms
851,902,algorithms
852,903,algorithms
853,904,algorithms
854,905,algorithms
855,906,algorithms
856,907,algorithms
857,908,algorithms
858,909,algorithms
859,910,algorithms
860,911,algorithms
861,912,algorithms
862,913,algorithms
863,914,algorithms
864,915,algorithms
865,916,algorithms
866,917,algorithms
867,918,algorithms
868,919,algorithms
869,920,algorithms
870,921,algorithms
871,922,algorithms
872,923,algorithms
873,924,algorithms
874,925,algorithms
875,926,algorithms
876,927,algorithms
877,928,algorithms
878,929,algorithms
879,930,algorithms
880,931,algorithms
881,932,algorithms
882,933,algorithms
883,934,algorithms
884,935,algorithms
885,936,algorithms
886,937,algorithms
887,938,algorithms
888,939,algorithms
889,940,algorithms
890,941,algorithms
891,942,algorithms
892,943,algorithms
893,944,algorithms
894,945,algorithms
895,946,algorithms
896,947,algorithms
897,948,algorithms
898,949,algorithms
899,950,algorithms
900,951,algorithms
901,952,algorithms
902,953,algorithms
903,954,algorithms
904,955,algorithms
905,956,algorithms
906,957,algorithms
907,958,algorithms
908,959,algorithms
909,960,algorithms
910,961,algorithms
911,962,algorithms
912,963,algorithms
913,964,algorithms
914,965,algorithms
915,966,algorithms
916,967,algorithms
917,968,algorithms
918,969,algorithms
919,970,algorithms
920,971,algorithms
921,972,algorithms
922,973,algorithms
923,974,algorithms
924,975,algorithms
925,976,algorithms
926,977,algorithms
927,978,algorithms
928,979,algorithms
929,980,algorithms
930,981,algorithms
931,982,algorithms
932,983,algorithms
933,984,algorithms
934,985,algorithms
935,986,algorithms
936,987,algorithms
937,988,algorithms
938,989,algorithms
939,990,algorithms
940,991,algorithms
941,992,algorithms
942,993,algorithms
943,994,algorithms
944,995,algorithms
945,996,algorithms
946,997,algorithms
947,998,algorithms
948,999,algorithms
949,1000,algorithms
950,1001,algorithms
951,1002,algorithms
952,1003,algorithms
953,1004,algorithms
954,1005,algorithms
955,1006,algorithms
956,1007,algorithms
957,1008,algorithms
958,1009,algorithms
959,1010,algorithms
960,1011,algorithms
961,1012,algorithms
962,1013,algorithms
963,1014,algorithms
964,1015,algorithms
965,1016,algorithms
966,1017,algorithms
967,1018,algorithms
968,1019,algorithms
969,1020,algorithms
970,1021,algorithms
971,1022,algorithms
972,1023,algorithms
973,1024,algorithms
974,1025,algorithms
975,1026,algorithms
976,1027,algorithms
977,1028,algorithms
978,1029,algorithms
979,1030,algorithms
980,1031,algorithms
981,1032,algorithms
982,1033,algorithms
983,1034,algorithms
984,1035,algorithms
985,1036,algorithms
986,1037,algorithms
987,1038,algorithms
988,1039,algorithms
989,1040,algorithms
990,1041,algorithms
991,1042,algorithms
992,1043,algorithms
993,1044,algorithms
994,1046,algorithms
995,1047,algorithms
996,1048,algorithms
997,1049,algorithms
998,1051,algorithms
999,1052,algorithms
1000,1053,algorithms
1001,1054,algorithms
1002,1055,algorithms
1003,1056,algorithms
1004,1057,algorithms
1005,1058,algorithms
1006,1059,algorithms
1007,1060,algorithms
1008,1061,algorithms
1009,1062,algorithms
1010,1063,algorithms
1011,1064,algorithms
1012,1065,algorithms
1013,1066,algorithms
1014,1067,algorithms
1015,1071,algorithms
1016,1072,algorithms
1017,1073,algorithms
1018,1074,algorithms
1019,1078,algorithms
1020,1079,algorithms
1021,1080,algorithms
1022,1081,algorithms
1023,1085,algorithms
1024,1086,algorithms
1025,1087,algorithms
1026,1088,algorithms
1027,1089,algorithms
1028,1090,algorithms
1029,1091,algorithms
1030,1092,algorithms
1031,1093,algorithms
1032,1094,algorithms
1033,1095,algorithms
1034,1096,algorithms
1035,1099,algorithms
1036,1100,algorithms
1037,1101,algorithms
1038,1102,algorithms
1039,1103,algorithms
1040,1104,algorithms
1041,1105,algorithms
1042,1106,algorithms
1043,1108,algorithms
1044,1109,algorithms
1045,1110,algorithms
1046,1111,algorithms
1047,1118,algorithms
1048,1119,algorithms
1049,1120,algorithms
1050,1121,algorithms
1051,1122,algorithms
1052,1123,algorithms
1053,1124,algorithms
1054,1125,algorithms
1055,1128,algorithms
1056,1129,algorithms
1057,1130,algorithms
1058,1131,algorithms
1059,1133,algorithms
1060,1134,algorithms
1061,1135,algorithms
1062,1136,algorithms
1063,1137,algorithms
1064,1138,algorithms
1065,1139,algorithms
1066,1140,algorithms
1067,1143,algorithms
1068,1144,algorithms
1069,1145,algorithms
1070,1146,algorithms
1071,1147,algorithms
1072,1150,algorithms
1073,1151,algorithms
1074,1152,algorithms
1075,1153,algorithms
1076,1154,algorithms
1077,1155,algorithms
1078,1156,algorithms
1079,1157,algorithms
1080,1160,algorithms
1081,1161,algorithms
1082,1162,algorithms
1083,1163,algorithms
1084,1165,algorithms
1085,1166,algorithms
1086,1167,algorithms
1087,1168,algorithms
1088,1169,algorithms
1089,1170,algorithms
1090,1171,algorithms
1091,1172,algorithms
1092,1175,algorithms
1093,1176,algorithms
1094,1177,algorithms
1095,1178,algorithms
1096,1180,algorithms
1097,1181,algorithms
1098,1182,algorithms
1099,1183,algorithms
1100,1184,algorithms
1101,1185,algorithms
1102,1186,algorithms
1103,1187,algorithms
1104,1189,algorithms
1105,1190,algorithms
1106,1191,algorithms
1107,1192,algorithms
1108,1196,algorithms
1109,1197,algorithms
1110,1198,algorithms
1111,1199,algorithms
1112,1200,algorithms
1113,1201,algorithms
1114,1202,algorithms
1115,1203,algorithms
1116,1206,algorithms
1117,1207,algorithms
1118,1208,algorithms
1119,1209,algorithms
1120,1210,algorithms
1121,1213,algorithms
1122,1214,algorithms
1123,1215,algorithms
1124,1216,algorithms
1125,1217,algorithms
1126,1218,algorithms
1127,1219,algorithms
1128,1220,algorithms
1129,1221,algorithms
1130,1222,algorithms
1131,1223,algorithms
1132,1224,algorithms
1133,1227,algorithms
1134,1228,algorithms
1135,1229,algorithms
1136,1230,algorithms
1137,1231,algorithms
1138,1232,algorithms
1139,1233,algorithms
1140,1234,algorithms
1141,1235,algorithms
1142,1236,algorithms
1143,1237,algorithms
1144,1238,algorithms
1145,1239,algorithms
1146,1240,algorithms
1147,1243,algorithms
1148,1244,algorithms
1149,1245,algorithms
1150,1246,algorithms
1151,1247,algorithms
1152,1248,algorithms
1153,1249,algorithms
1154,1250,algorithms
1155,1252,algorithms
1156,1253,algorithms
1157,1254,algorithms
1158,1255,algorithms
1159,1256,algorithms
1160,1257,algorithms
1161,1258,algorithms
1162,1259,algorithms
1163,1260,algorithms
1164,1261,algorithms
1165,1262,algorithms
1166,1263,algorithms
1167,1265,algorithms
1168,1266,algorithms
1169,1267,algorithms
1170,1268,algorithms
1171,1269,algorithms
1172,1271,algorithms
1173,1272,algorithms
1174,1273,algorithms
1175,1274,algorithms
1176,1275,algorithms
1177,1276,algorithms
1178,1277,algorithms
1179,1278,algorithms
1180,1281,algorithms
1181,1282,algorithms
1182,1283,algorithms
1183,1284,algorithms
1184,1286,algorithms
1185,1287,algorithms
1186,1288,algorithms
1187,1289,algorithms
1188,1290,algorithms
1189,1291,algorithms
1190,1292,algorithms
1191,1293,algorithms
1192,1295,algorithms
1193,1296,algorithms
1194,1297,algorithms
1195,1298,algorithms
1196,1299,algorithms
1197,1300,algorithms
1198,1301,algorithms
1199,1302,algorithms
1200,1304,algorithms
1201,1305,algorithms
1202,1306,algorithms
1203,1307,algorithms
1204,1309,algorithms
1205,1310,algorithms
1206,1311,algorithms
1207,1312,algorithms
1208,1313,algorithms
1209,1314,algorithms
1210,1315,algorithms
1211,1316,algorithms
1212,1317,algorithms
1213,1318,algorithms
1214,1319,algorithms
1215,1320,algorithms
1216,1323,algorithms
1217,1324,algorithms
1218,1325,algorithms
1219,1326,algorithms
1220,1328,algorithms
1221,1329,algorithms
1222,1330,algorithms
1223,1331,algorithms
1224,1332,algorithms
1225,1333,algorithms
1226,1334,algorithms
1227,1335,algorithms
1228,1337,algorithms
1229,1338,algorithms
1230,1339,algorithms
1231,1340,algorithms
1232,1342,algorithms
1233,1343,algorithms
1234,1344,algorithms
1235,1345,algorithms
1236,1346,algorithms
1237,1347,algorithms
1238,1348,algorithms
1239,1349,algorithms
1240,1351,algorithms
1241,1352,algorithms
1242,1353,algorithms
1243,1354,algorithms
1244,1356,algorithms
1245,1357,algorithms
1246,1358,algorithms
1247,1359,algorithms
1248,1360,algorithms
1249,1361,algorithms
1250,1362,algorithms
1251,1363,algorithms
1252,1365,algorithms
1253,1366,algorithms
1254,1367,algorithms
1255,1368,algorithms
1256,1370,algorithms
1257,1371,algorithms
1258,1372,algorithms
1259,1373,algorithms
1260,1374,algorithms
1261,1375,algorithms
1262,1376,algorithms
1263,1377,algorithms
1264,1379,algorithms
1265,1380,algorithms
1266,1381,algorithms
1267,1382,algorithms
1268,1383,algorithms
1269,1385,algorithms
1270,1386,algorithms
1271,1387,algorithms
1272,1388,algorithms
1273,1389,algorithms
1274,1390,algorithms
1275,1391,algorithms
1276,1392,algorithms
1277,1394,algorithms
1278,1395,algorithms
1279,1396,algorithms
1280,1397,algorithms
1281,1399,algorithms
1282,1400,algorithms
1283,1401,algorithms
1284,1402,algorithms
1285,1403,algorithms
1286,1404,algorithms
1287,1405,algorithms
1288,1406,algorithms
1289,1408,algorithms
1290,1409,algorithms
1291,1410,algorithms
1292,1411,algorithms
1293,1413,algorithms
1294,1414,algorithms
1295,1415,algorithms
1296,1416,algorithms
1297,1417,algorithms
1298,1418,algorithms
1299,1419,algorithms
1300,1420,algorithms
1301,1422,algorithms
1302,1423,algorithms
1303,1424,algorithms
1304,1425,algorithms
1305,1426,algorithms
1306,1427,algorithms
1307,1428,algorithms
1308,1429,algorithms
1309,1430,algorithms
1310,1431,algorithms
1311,1432,algorithms
1312,1433,algorithms
1313,1434,algorithms
1314,1436,algorithms
1315,1437,algorithms
1316,1438,algorithms
1317,1439,algorithms
1318,1441,algorithms
1319,1442,algorithms
1320,1443,algorithms
1321,1444,algorithms
1322,1446,algorithms
1323,1447,algorithms
1324,1448,algorithms
1325,1449,algorithms
1326,1450,algorithms
1327,1451,algorithms
1328,1452,algorithms
1329,1453,algorithms
1330,1455,algorithms
1331,1456,algorithms
1332,1457,algorithms
1333,1458,algorithms
1334,1460,algorithms
1335,1461,algorithms
1336,1462,algorithms
1337,1463,algorithms
1338,1464,algorithms
1339,1465,algorithms
1340,1466,algorithms
1341,1467,algorithms
1342,1469,algorithms
1343,1470,algorithms
1344,1471,algorithms
1345,1472,algorithms
1346,1473,algorithms
1347,1474,algorithms
1348,1475,algorithms
1349,1476,algorithms
1350,1477,algorithms
1351,1478,algorithms
1352,1480,algorithms
1353,1481,algorithms
1354,1482,algorithms
1355,1483,algorithms
1356,1485,algorithms
1357,1486,algorithms
1358,1487,algorithms
1359,1488,algorithms
1360,1489,algorithms
1361,1490,algorithms
1362,1491,algorithms
1363,1492,algorithms
1364,1493,algorithms
1365,1494,algorithms
1366,1496,algorithms
1367,1497,algorithms
1368,1498,algorithms
1369,1499,algorithms
1370,1500,algorithms
1371,1502,algorithms
1372,1503,algorithms
1373,1504,algorithms
1374,1505,algorithms
1375,1506,algorithms
1376,1507,algorithms
1377,1508,algorithms
1378,1509,algorithms
1379,1510,algorithms
1380,1512,algorithms
1381,1513,algorithms
1382,1514,algorithms
1383,1515,algorithms
1384,1516,algorithms
1385,1518,algorithms
1386,1519,algorithms
1387,1520,algorithms
1388,1521,algorithms
1389,1522,algorithms
1390,1523,algorithms
1391,1524,algorithms
1392,1525,algorithms
1393,1526,algorithms
1394,1528,algorithms
1395,1529,algorithms
1396,1530,algorithms
1397,1531,algorithms
1398,1533,algorithms
1399,1534,algorithms
1400,1535,algorithms
1401,1536,algorithms
1402,1537,algorithms
1403,1538,algorithms
1404,1539,algorithms
1405,1540,algorithms
1406,1541,algorithms
1407,1542,algorithms
1408,1544,algorithms
1409,1545,algorithms
1410,1546,algorithms
1411,1547,algorithms
1412,1548,algorithms
1413,1550,algorithms
1414,1551,algorithms
1415,1552,algorithms
1416,1553,algorithms
1417,1554,algorithms
1418,1556,algorithms
1419,1557,algorithms
1420,1558,algorithms
1421,1559,algorithms
1422,1560,algorithms
1423,1561,algorithms
1424,1562,algorithms
1425,1563,algorithms
1426,1564,algorithms
1427,1566,algorithms
1428,1567,algorithms
1429,1568,algorithms
1430,1569,algorithms
1431,1570,algorithms
1432,1572,algorithms
1433,1573,algorithms
1434,1574,algorithms
1435,1575,algorithms
1436,1576,algorithms
1437,1577,algorithms
1438,1578,algorithms
1439,1579,algorithms
1440,1580,algorithms
1441,1582,algorithms
1442,1583,algorithms
1443,1584,algorithms
1444,1585,algorithms
1445,1586,algorithms
1446,1588,algorithms
1447,1589,algorithms
1448,1590,algorithms
1449,1591,algorithms
1450,1592,algorithms
1451,1593,algorithms
1452,1594,algorithms
1453,1595,algorithms
1454,1597,algorithms
1455,1598,algorithms
1456,1599,algorithms
1457,1600,algorithms
1458,1601,algorithms
1459,1602,algorithms
1460,1603,algorithms
1461,1604,algorithms
1462,1605,algorithms
1463,1606,algorithms
1464,1608,algorithms
1465,1609,algorithms
1466,1610,algorithms
1467,1611,algorithms
1468,1612,algorithms
1469,1614,algorithms
1470,1615,algorithms
1471,1616,algorithms
1472,1617,algorithms
1473,1618,algorithms
1474,1619,algorithms
1475,1620,algorithms
1476,1621,algorithms
1477,1622,algorithms
1478,1624,algorithms
1479,1625,algorithms
1480,1626,algorithms
1481,1627,algorithms
1482,1628,algorithms
1483,1629,algorithms
1484,1630,algorithms
1485,1631,algorithms
1486,1632,algorithms
1487,1634,algorithms
1488,1636,algorithms
1489,1637,algorithms
1490,1638,algorithms
1491,1639,algorithms
1492,1640,algorithms
1493,1641,algorithms
1494,1642,algorithms
1495,1643,algorithms
1496,1644,algorithms
1497,1646,algorithms
1498,1647,algorithms
1499,1648,algorithms
1500,1649,algorithms
1501,1650,algorithms
1502,1652,algorithms
1503,1653,algorithms
1504,1654,algorithms
1505,1655,algorithms
1506,1656,algorithms
1507,1657,algorithms
1508,1658,algorithms
1509,1659,algorithms
1510,1660,algorithms
1511,1662,algorithms
1512,1663,algorithms
1513,1664,algorithms
1514,1665,algorithms
1515,1666,algorithms
1516,1668,algorithms
1517,1669,algorithms
1518,1670,algorithms
1519,1671,algorithms
1520,1672,algorithms
1521,1673,algorithms
1522,1674,algorithms
1523,1675,algorithms
1524,1676,algorithms
1525,1678,algorithms
1526,1679,algorithms
1527,1680,algorithms
1528,1681,algorithms
1529,1682,algorithms
1530,1684,algorithms
1531,1685,algorithms
1532,1686,algorithms
1533,1687,algorithms
1534,1688,algorithms
1535,1689,algorithms
1536,1690,algorithms
1537,1691,algorithms
1538,1692,algorithms
1539,1694,algorithms
1540,1695,algorithms
1541,1696,algorithms
1542,1697,algorithms
1543,1698,algorithms
1544,1700,algorithms
1545,1701,algorithms
1546,1702,algorithms
1547,1703,algorithms
1548,1704,algorithms
1549,1705,algorithms
1550,1706,algorithms
1551,1707,algorithms
1552,1708,algorithms
1553,1710,algorithms
1554,1711,algorithms
1555,1712,algorithms
1556,1713,algorithms
1557,1714,algorithms
1558,1716,algorithms
1559,1717,algorithms
1560,1718,algorithms
1561,1719,algorithms
1562,1720,algorithms
1563,1721,algorithms
1564,1722,algorithms
1565,1723,algorithms
1566,1724,algorithms
1567,1725,algorithms
1568,1726,algorithms
1569,1727,algorithms
1570,1728,algorithms
1571,1730,algorithms
1572,1732,algorithms
1573,1733,algorithms
1574,1734,algorithms
1575,1735,algorithms
1576,1736,algorithms
1577,1737,algorithms
1578,1738,algorithms
1579,1739,algorithms
1580,1740,algorithms
1581,1742,algorithms
1582,1743,algorithms
1583,1744,algorithms
1584,1745,algorithms
1585,1746,algorithms
1586,1748,algorithms
1587,1749,algorithms
1588,1750,algorithms
1589,1751,algorithms
1590,1752,algorithms
1591,1753,algorithms
1592,1754,algorithms
1593,1755,algorithms
1594,1756,algorithms
1595,1758,algorithms
1596,1759,algorithms
1597,1760,algorithms
1598,1761,algorithms
1599,1762,algorithms
1600,1763,algorithms
1601,1764,algorithms
1602,1765,algorithms
1603,1766,algorithms
1604,1768,algorithms
1605,1769,algorithms
1606,1770,algorithms
1607,1771,algorithms
1608,1772,algorithms
1609,1773,algorithms
1610,1774,algorithms
1611,1775,algorithms
1612,1776,algorithms
1613,1778,algorithms
1614,1779,algorithms
1615,1780,algorithms
1616,1781,algorithms
1617,1782,algorithms
1618,1784,algorithms
1619,1785,algorithms
1620,1786,algorithms
1621,1787,algorithms
1622,1788,algorithms
1623,1790,algorithms
1624,1791,algorithms
1625,1792,algorithms
1626,1793,algorithms
1627,1794,algorithms
1628,1796,algorithms
1629,1797,algorithms
1630,1798,algorithms
1631,1799,algorithms
1632,1800,algorithms
1633,1801,algorithms
1634,1802,algorithms
1635,1803,algorithms
1636,1804,algorithms
1637,1805,algorithms
1638,1806,algorithms
1639,1807,algorithms
1640,1808,algorithms
1641,1810,algorithms
1642,1812,algorithms
1643,1813,algorithms
1644,1814,algorithms
1645,1815,algorithms
1646,1816,algorithms
1647,1817,algorithms
1648,1818,algorithms
1649,1819,algorithms
1650,1820,algorithms
1651,1822,algorithms
1652,1823,algorithms
1653,1824,algorithms
1654,1825,algorithms
1655,1826,algorithms
1656,1827,algorithms
1657,1828,algorithms
1658,1829,algorithms
1659,1830,algorithms
1660,1832,algorithms
1661,1833,algorithms
1662,1834,algorithms
1663,1835,algorithms
1664,1836,algorithms
1665,1837,algorithms
1666,1838,algorithms
1667,1839,algorithms
1668,1840,algorithms
1669,1842,algorithms
1670,1844,algorithms
1671,1845,algorithms
1672,1846,algorithms
1673,1847,algorithms
1674,1848,algorithms
1675,1849,algorithms
1676,1850,algorithms
1677,1851,algorithms
1678,1852,algorithms
1679,1854,algorithms
1680,1855,algorithms
1681,1856,algorithms
1682,1857,algorithms
1683,1858,algorithms
1684,1859,algorithms
1685,1860,algorithms
1686,1861,algorithms
1687,1862,algorithms
1688,1863,algorithms
1689,1864,algorithms
1690,1865,algorithms
1691,1866,algorithms
1692,1868,algorithms
1693,1869,algorithms
1694,1870,algorithms
1695,1871,algorithms
1696,1872,algorithms
1697,1874,algorithms
1698,1876,algorithms
1699,1877,algorithms
1700,1878,algorithms
1701,1879,algorithms
1702,1880,algorithms
1703,1881,algorithms
1704,1882,algorithms
1705,1883,algorithms
1706,1884,algorithms
1707,1885,algorithms
1708,1886,algorithms
1709,1887,algorithms
1710,1888,algorithms
1711,1889,algorithms
1712,1891,algorithms
1713,1893,algorithms
1714,1894,algorithms
1715,1895,algorithms
1716,1896,algorithms
1717,1897,algorithms
1718,1898,algorithms
1719,1899,algorithms
1720,1900,algorithms
1721,1901,algorithms
1722,1902,algorithms
1723,1903,algorithms
1724,1904,algorithms
1725,1905,algorithms
1726,1906,algorithms
1727,1908,algorithms
1728,1909,algorithms
1729,1910,algorithms
1730,1911,algorithms
1731,1912,algorithms
1732,1913,algorithms
1733,1914,algorithms
1734,1915,algorithms
1735,1916,algorithms
1736,1918,algorithms
1737,1920,algorithms
1738,1921,algorithms
1739,1922,algorithms
1740,1923,algorithms
1741,1924,algorithms
1742,1925,algorithms
1743,1926,algorithms
1744,1927,algorithms
1745,1928,algorithms
1746,1929,algorithms
1747,1930,algorithms
1748,1931,algorithms
1749,1932,algorithms
1750,1933,algorithms
1751,1935,algorithms
1752,1936,algorithms
1753,1937,algorithms
1754,1938,algorithms
1755,1940,algorithms
1756,1941,algorithms
1757,1942,algorithms
1758,1943,algorithms
1759,1944,algorithms
1760,1945,algorithms
1761,1946,algorithms
1762,1947,algorithms
1763,1948,algorithms
1764,1950,algorithms
1765,1952,algorithms
1766,1953,algorithms
1767,1954,algorithms
1768,1955,algorithms
1769,1956,algorithms
1770,1957,algorithms
1771,1958,algorithms
1772,1959,algorithms
1773,1960,algorithms
1774,1961,algorithms
1775,1962,algorithms
1776,1963,algorithms
1777,1964,algorithms
1778,1966,algorithms
1779,1967,algorithms
1780,1968,algorithms
1781,1969,algorithms
1782,1970,algorithms
1783,1971,algorithms
1784,1973,algorithms
1785,1974,algorithms
1786,1975,algorithms
1787,1976,algorithms
1788,1977,algorithms
1789,1979,algorithms
1790,1980,algorithms
1791,1981,algorithms
1792,1982,algorithms
1793,1983,algorithms
1794,1984,algorithms
1795,1985,algorithms
1796,1986,algorithms
1797,1987,algorithms
1798,1989,algorithms
1799,1991,algorithms
1800,1992,algorithms
1801,1993,algorithms
1802,1994,algorithms
1803,1995,algorithms
1804,1996,algorithms
1805,1997,algorithms
1806,1998,algorithms
1807,1999,algorithms
1808,2000,algorithms
1809,2001,algorithms
1810,2002,algorithms
1811,2003,algorithms
1812,2005,algorithms
1813,2006,algorithms
1814,2007,algorithms
1815,2008,algorithms
1816,2009,algorithms
1817,2011,algorithms
1818,2012,algorithms
1819,2013,algorithms
1820,2014,algorithms
1821,2015,algorithms
1822,2016,algorithms
1823,2017,algorithms
1824,2018,algorithms
1825,2019,algorithms
1826,2021,algorithms
1827,2022,algorithms
1828,2023,algorithms
1829,2024,algorithms
1830,2025,algorithms
1831,2027,algorithms
1832,2028,algorithms
1833,2029,algorithms
1834,2030,algorithms
1835,2031,algorithms
1836,2032,algorithms
1837,2033,algorithms
1838,2034,algorithms
1839,2035,algorithms
1840,2036,algorithms
1841,2037,algorithms
1842,2038,algorithms
1843,2039,algorithms
1844,2040,algorithms
1845,2042,algorithms
1846,2043,algorithms
1847,2044,algorithms
1848,2045,algorithms
1849,2046,algorithms
1850,2047,algorithms
1851,2048,algorithms
1852,2049,algorithms
1853,2050,algorithms
1854,2052,algorithms
1855,2053,algorithms
1856,2054,algorithms
1857,2055,algorithms
1858,2056,algorithms
1859,2057,algorithms
1860,2058,algorithms
1861,2059,algorithms
1862,2060,algorithms
1863,2061,algorithms
1864,2062,algorithms
1865,2063,algorithms
1866,2064,algorithms
1867,2065,algorithms
1868,2067,algorithms
1869,2068,algorithms
1870,2069,algorithms
1871,2070,algorithms
1872,2071,algorithms
1873,2073,algorithms
1874,2074,algorithms
1875,2075,algorithms
1876,2076,algorithms
1877,2077,algorithms
1878,2078,algorithms
1879,2079,algorithms
1880,2080,algorithms
1881,2081,algorithms
1882,2083,algorithms
1883,2085,algorithms
1884,2086,algorithms
1885,2087,algorithms
1886,2088,algorithms
1887,2089,algorithms
1888,2090,algorithms
1889,2091,algorithms
1890,2092,algorithms
1891,2093,algorithms
1892,2094,algorithms
1893,2095,algorithms
1894,2096,algorithms
1895,2097,algorithms
1896,2098,algorithms
1897,2099,algorithms
1898,2100,algorithms
1899,2101,algorithms
1900,2102,algorithms
1901,2103,algorithms
1902,2104,algorithms
1903,2105,algorithms
1904,2106,algorithms
1905,2107,algorithms
1906,2108,algorithms
1907,2109,algorithms
1908,2110,algorithms
1909,2111,algorithms
1910,2113,algorithms
1911,2114,algorithms
1912,2115,algorithms
1913,2116,algorithms
1914,2117,algorithms
1915,2119,algorithms
1916,2120,algorithms
1917,2121,algorithms
1918,2122,algorithms
1919,2123,algorithms
1920,2124,algorithms
1921,2125,algorithms
1922,2126,algorithms
1923,2127,algorithms
1924,2128,algorithms
1925,2129,algorithms
1926,2130,algorithms
1927,2131,algorithms
1928,2132,algorithms
1929,2133,algorithms
1930,2134,algorithms
1931,2135,algorithms
1932,2136,algorithms
1933,2137,algorithms
1934,2138,algorithms
1935,2139,algorithms
1936,2140,algorithms
1937,2141,algorithms
1938,2143,algorithms
1939,2144,algorithms
1940,2145,algorithms
1941,2146,algorithms
1942,2147,algorithms
1943,2148,algorithms
1944,2149,algorithms
1945,2150,algorithms
1946,2151,algorithms
1947,2152,algorithms
1948,2154,algorithms
1949,2155,algorithms
1950,2156,algorithms
1951,2157,algorithms
1952,2158,algorithms
1953,2160,algorithms
1954,2161,algorithms
1955,2162,algorithms
1956,2163,algorithms
1957,2164,algorithms
1958,2165,algorithms
1959,2166,algorithms
1960,2167,algorithms
1961,2168,algorithms
1962,2169,algorithms
1963,2170,algorithms
1964,2171,algorithms
1965,2172,algorithms
1966,2174,algorithms
1967,2176,algorithms
1968,2177,algorithms
1969,2178,algorithms
1970,2179,algorithms
1971,2180,algorithms
1972,2181,algorithms
1973,2182,algorithms
1974,2183,algorithms
1975,2184,algorithms
1976,2185,algorithms
1977,2186,algorithms
1978,2187,algorithms
1979,2188,algorithms
1980,2189,algorithms
1981,2190,algorithms
1982,2191,algorithms
1983,2192,algorithms
1984,2193,algorithms
1985,2194,algorithms
1986,2195,algorithms
1987,2196,algorithms
1988,2197,algorithms
1989,2198,algorithms
1990,2200,algorithms
1991,2201,algorithms
1992,2202,algorithms
1993,2203,algorithms
1994,2204,algorithms
1995,2206,algorithms
1996,2207,algorithms
1997,2208,algorithms
1998,2209,algorithms
1999,2210,algorithms
2000,2211,algorithms
2001,2212,algorithms
2002,2213,algorithms
2003,2214,algorithms
2004,2215,algorithms
2005,2216,algorithms
2006,2217,algorithms
2007,2218,algorithms
2008,2219,algorithms
2009,2220,algorithms
2010,2221,algorithms
2011,2222,algorithms
2012,2223,algorithms
2013,2224,algorithms
2014,2225,algorithms
2015,2226,algorithms
2016,2227,algorithms
2017,2229,algorithms
2018,2231,algorithms
2019,2232,algorithms
2020,2233,algorithms
2021,2234,algorithms
2022,2235,algorithms
2023,2236,algorithms
2024,2237,algorithms
2025,2239,algorithms
2026,2240,algorithms
2027,2241,algorithms
2028,2242,algorithms
2029,2243,algorithms
2030,2244,algorithms
2031,2245,algorithms
2032,2246,algorithms
2033,2247,algorithms
2034,2248,algorithms
2035,2249,algorithms
2036,2250,algorithms
2037,2251,algorithms
2038,2254,algorithms
2039,2255,algorithms
2040,2256,algorithms
2041,2257,algorithms
2042,2258,algorithms
2043,2259,algorithms
2044,2260,algorithms
2045,2261,algorithms
2046,2262,algorithms
2047,2263,algorithms
2048,2264,algorithms
2049,2265,algorithms
2050,2266,algorithms
2051,2267,algorithms
2052,2268,algorithms
2053,2269,algorithms
2054,2270,algorithms
2055,2271,algorithms
2056,2272,algorithms
2057,2273,algorithms
2058,2274,algorithms
2059,2275,algorithms
2060,2276,algorithms
2061,2277,algorithms
2062,2278,algorithms
2063,2279,algorithms
2064,2280,algorithms
2065,2281,algorithms
2066,2282,algorithms
2067,2283,algorithms
2068,2284,algorithms
2069,2285,algorithms
2070,2286,algorithms
2071,2287,algorithms
2072,2288,algorithms
2073,2289,algorithms
2074,2290,algorithms
2075,2291,algorithms
2076,2293,algorithms
2077,2294,algorithms
2078,2295,algorithms
2079,2296,algorithms
2080,2297,algorithms
2081,2299,algorithms
2082,2300,algorithms
2083,2301,algorithms
2084,2302,algorithms
2085,2303,algorithms
2086,2304,algorithms
2087,2305,algorithms
2088,2306,algorithms
2089,2307,algorithms
2090,2309,algorithms
2091,2310,algorithms
2092,2311,algorithms
2093,2312,algorithms
2094,2313,algorithms
2095,2315,algorithms
2096,2316,algorithms
2097,2317,algorithms
2098,2318,algorithms
2099,2319,algorithms
2100,2320,algorithms
2101,2321,algorithms
2102,2322,algorithms
2103,2323,algorithms
2104,2325,algorithms
2105,2326,algorithms
2106,2327,algorithms
2107,2328,algorithms
2108,2330,algorithms
2109,2331,algorithms
2110,2332,algorithms
2111,2333,algorithms
2112,2334,algorithms
2113,2335,algorithms
2114,2336,algorithms
2115,2337,algorithms
2116,2338,algorithms
2117,2340,algorithms
2118,2341,algorithms
2119,2342,algorithms
2120,2343,algorithms
2121,2344,algorithms
2122,2345,algorithms
2123,2347,algorithms
2124,2348,algorithms
2125,2349,algorithms
2126,2350,algorithms
2127,2351,algorithms
2128,2352,algorithms
2129,2353,algorithms
2130,2354,algorithms
2131,2355,algorithms
2132,2357,algorithms
2133,2358,algorithms
2134,2359,algorithms
2135,2360,algorithms
2136,2361,algorithms
2137,2363,algorithms
2138,2364,algorithms
2139,2365,algorithms
2140,2366,algorithms
2141,2367,algorithms
2142,2368,algorithms
2143,2369,algorithms
2144,2370,algorithms
2145,2371,algorithms
2146,2373,algorithms
2147,2374,algorithms
2148,2375,algorithms
2149,2376,algorithms
2150,2378,algorithms
2151,2379,algorithms
2152,2380,algorithms
2153,2381,algorithms
2154,2382,algorithms
2155,2383,algorithms
2156,2384,algorithms
2157,2385,algorithms
2158,2386,algorithms
2159,2387,algorithms
2160,2389,algorithms
2161,2390,algorithms
2162,2391,algorithms
2163,2392,algorithms
2164,2393,algorithms
2165,2395,algorithms
2166,2396,algorithms
2167,2397,algorithms
2168,2398,algorithms
2169,2399,algorithms
2170,2400,algorithms
2171,2401,algorithms
2172,2402,algorithms
2173,2403,algorithms
2174,2404,algorithms
2175,2405,algorithms
2176,2406,algorithms
2177,2407,algorithms
2178,2408,algorithms
2179,2409,algorithms
2180,2410,algorithms
2181,2411,algorithms
2182,2412,algorithms
2183,2413,algorithms
2184,2414,algorithms
2185,2415,algorithms
2186,2416,algorithms
2187,2417,algorithms
2188,2418,algorithms
2189,2419,algorithms
2190,2420,algorithms
2191,2421,algorithms
2192,2422,algorithms
2193,2423,algorithms
2194,2424,algorithms
2195,2425,algorithms
2196,2426,algorithms
2197,2427,algorithms
2198,2428,algorithms
2199,2429,algorithms
2200,2430,algorithms
2201,2431,algorithms
2202,2432,algorithms
2203,2433,algorithms
2204,2434,algorithms
2205,2435,algorithms
2206,2436,algorithms
2207,2437,algorithms
2208,2438,algorithms
2209,2439,algorithms
2210,2440,algorithms
2211,2441,algorithms
2212,2442,algorithms
2213,2443,algorithms
2214,2444,algorithms
2215,2445,algorithms
2216,2446,algorithms
2217,2447,algorithms
2218,2448,algorithms
2219,2449,algorithms
2220,2450,algorithms
2221,2451,algorithms
2222,2452,algorithms
2223,2453,algorithms
2224,2454,algorithms
2225,2455,algorithms
2226,2456,algorithms
2227,2457,algorithms
2228,2458,algorithms
2229,2459,algorithms
2230,2460,algorithms
2231,2461,algorithms
2232,2462,algorithms
2233,2463,algorithms
2234,2464,algorithms
2235,2465,algorithms
2236,2466,algorithms
2237,2467,algorithms
2238,2468,algorithms
2239,2469,algorithms
2240,2470,algorithms
2241,2471,algorithms
2242,2472,algorithms
2243,2473,algorithms
2244,2475,algorithms
2245,2476,algorithms
2246,2477,algorithms
2247,2478,algorithms
2248,2479,algorithms
2249,2481,algorithms
2250,2482,algorithms
2251,2483,algorithms
2252,2484,algorithms
2253,2485,algorithms
2254,2486,algorithms
2255,2487,algorithms
2256,2488,algorithms
2257,2489,algorithms
2258,2490,algorithms
2259,2491,algorithms
2260,2492,algorithms
2261,2493,algorithms
2262,2495,algorithms
2263,2496,algorithms
2264,2497,algorithms
2265,2498,algorithms
2266,2499,algorithms
2267,2500,algorithms
2268,2501,algorithms
2269,2502,algorithms
2270,2503,algorithms
2271,2505,algorithms
2272,2506,algorithms
2273,2507,algorithms
2274,2508,algorithms
2275,2509,algorithms
2276,2510,algorithms
2277,2511,algorithms
2278,2512,algorithms
2279,2513,algorithms
2280,2514,algorithms
2281,2515,algorithms
2282,2516,algorithms
2283,2517,algorithms
2284,2518,algorithms
2285,2519,algorithms
2286,2520,algorithms
2287,2521,algorithms
2288,2522,algorithms
2289,2523,algorithms
2290,2524,algorithms
2291,2525,algorithms
2292,2526,algorithms
2293,2527,algorithms
2294,2528,algorithms
2295,2529,algorithms
2296,2530,algorithms
2297,2531,algorithms
2298,2532,algorithms
2299,2533,algorithms
2300,2534,algorithms
2301,2535,algorithms
2302,2536,algorithms
2303,2537,algorithms
2304,2538,algorithms
2305,2539,algorithms
2306,2540,algorithms
2307,2541,algorithms
2308,2542,algorithms
2309,2543,algorithms
2310,2544,algorithms
2311,2545,algorithms
2312,2546,algorithms
2313,2547,algorithms
2314,2548,algorithms
2315,2549,algorithms
2316,2550,algorithms
2317,2551,algorithms
2318,2552,algorithms
2319,2553,algorithms
2320,2554,algorithms
2321,2555,algorithms
2322,2556,algorithms
2323,2557,algorithms
2324,2558,algorithms
2325,2559,algorithms
2326,2560,algorithms
2327,2561,algorithms
2328,2562,algorithms
2329,2563,algorithms
2330,2564,algorithms
2331,2565,algorithms
2332,2566,algorithms
2333,2567,algorithms
2334,2568,algorithms
2335,2569,algorithms
2336,2570,algorithms
2337,2571,algorithms
2338,2572,algorithms
2339,2573,algorithms
2340,2574,algorithms
2341,2575,algorithms
2342,2576,algorithms
2343,2577,algorithms
2344,2578,algorithms
2345,2579,algorithms
2346,2580,algorithms
2347,2581,algorithms
2348,2582,algorithms
2349,2583,algorithms
2350,2584,algorithms
2351,2585,algorithms
2352,2586,algorithms
2353,2587,algorithms
2354,2588,algorithms
2355,2589,algorithms
2356,2590,algorithms
2357,2591,algorithms
2358,2592,algorithms
2359,2593,algorithms
2360,2594,algorithms
2361,2595,algorithms
2362,2596,algorithms
2363,2597,algorithms
2364,2598,algorithms
2365,2599,algorithms
2366,2600,algorithms
2367,2601,algorithms
2368,2602,algorithms
2369,2603,algorithms
2370,2604,algorithms
2371,2605,algorithms
2372,2606,algorithms
2373,2607,algorithms
2374,2608,algorithms
2375,2609,algorithms
2376,2610,algorithms
2377,2611,algorithms
2378,2612,algorithms
2379,2613,algorithms
2380,2614,algorithms
2381,2615,algorithms
2382,2616,algorithms
2383,2617,algorithms
2384,2638,algorithms
2385,2639,algorithms
2386,2640,algorithms
2387,2641,algorithms
2388,2642,algorithms
2389,2643,algorithms
2390,2644,algorithms
2391,2645,algorithms
2392,2646,algorithms
2393,2647,algorithms
2394,2651,algorithms
2395,2652,algorithms
2396,2653,algorithms
2397,2654,algorithms
2398,2655,algorithms
2399,2656,algorithms
2400,2657,algorithms
2401,2658,algorithms
2402,2659,algorithms
2403,2660,algorithms
2404,2661,algorithms
2405,2662,algorithms
2406,2663,algorithms
2407,2664,algorithms
2408,2670,algorithms
2409,2671,algorithms
2410,2672,algorithms
2411,2673,algorithms
2412,2674,algorithms
2413,2678,algorithms
2414,2679,algorithms
2415,2680,algorithms
2416,2681,algorithms
2417,2682,algorithms
2418,2683,algorithms
2419,2684,algorithms
2420,2685,algorithms
2421,2689,algorithms
2422,2696,algorithms
2423,2697,algorithms
2424,2698,algorithms
2425,2699,algorithms
2426,2702,algorithms
2427,2706,algorithms
2428,2707,algorithms
2429,2708,algorithms
2430,2709,algorithms
2431,2710,algorithms
2432,2711,algorithms
2433,2712,algorithms
2434,2713,algorithms
2435,2714,algorithms
2436,2716,algorithms
2437,2717,algorithms
2438,2718,algorithms
2439,2719,algorithms
2440,2728,algorithms
2441,2729,algorithms
2442,2730,algorithms
2443,2731,algorithms
2444,2732,algorithms
2445,2733,algorithms
2446,2734,algorithms
2447,2735,algorithms
2448,2736,algorithms
2449,2737,algorithms
2450,2739,algorithms
2451,2740,algorithms
2452,2741,algorithms
2453,2742,algorithms
2454,2743,algorithms
2455,2744,algorithms
2456,2745,algorithms
2457,2746,algorithms
2458,2747,algorithms
2459,2748,algorithms
2460,2749,algorithms
2461,2750,algorithms
2462,2751,algorithms
2463,2753,algorithms
2464,2760,algorithms
2465,2761,algorithms
2466,2762,algorithms
2467,2763,algorithms
2468,2764,algorithms
2469,175,database
2470,176,database
2471,177,database
2472,178,database
2473,180,database
2474,181,database
2475,182,database
2476,183,database
2477,184,database
2478,185,database
2479,196,database
2480,197,database
2481,262,database
2482,511,database
2483,512,database
2484,534,database
2485,550,database
2486,569,database
2487,570,database
2488,571,database
2489,574,database
2490,577,database
2491,578,database
2492,579,database
2493,580,database
2494,584,database
2495,585,database
2496,586,database
2497,595,database
2498,596,database
2499,597,database
2500,601,database
2501,602,database
2502,603,database
2503,607,database
2504,608,database
2505,610,database
2506,612,database
2507,613,database
2508,614,database
2509,615,database
2510,618,database
2511,619,database
2512,620,database
2513,626,database
2514,627,database
2515,1045,database
2516,1050,database
2517,1068,database
2518,1069,database
2519,1070,database
2520,1075,database
2521,1076,database
2522,1077,database
2523,1082,database
2524,1083,database
2525,1084,database
2526,1097,database
2527,1098,database
2528,1107,database
2529,1112,database
2530,1113,database
2531,1126,database
2532,1127,database
2533,1132,database
2534,1141,database
2535,1142,database
2536,1148,database
2537,1149,database
2538,1158,database
2539,1159,database
2540,1164,database
2541,1173,database
2542,1174,database
2543,1179,database
2544,1193,database
2545,1194,database
2546,1204,database
2547,1205,database
2548,1211,database
2549,1212,database
2550,1225,database
2551,1241,database
2552,1251,database
2553,1264,database
2554,1270,database
2555,1280,database
2556,1285,database
2557,1294,database
2558,1303,database
2559,1308,database
2560,1321,database
2561,1322,database
2562,1327,database
2563,1336,database
2564,1341,database
2565,1350,database
2566,1355,database
2567,1364,database
2568,1369,database
2569,1378,database
2570,1384,database
2571,1393,database
2572,1398,database
2573,1407,database
2574,1412,database
2575,1421,database
2576,1435,database
2577,1440,database
2578,1445,database
2579,1454,database
2580,1459,database
2581,1468,database
2582,1479,database
2583,1484,database
2584,1495,database
2585,1501,database
2586,1511,database
2587,1517,database
2588,1527,database
2589,1532,database
2590,1543,database
2591,1549,database
2592,1555,database
2593,1565,database
2594,1571,database
2595,1581,database
2596,1587,database
2597,1596,database
2598,1607,database
2599,1613,database
2600,1623,database
2601,1633,database
2602,1635,database
2603,1645,database
2604,1651,database
2605,1661,database
2606,1667,database
2607,1677,database
2608,1683,database
2609,1693,database
2610,1699,database
2611,1709,database
2612,1715,database
2613,1729,database
2614,1731,database
2615,1741,database
2616,1747,database
2617,1757,database
2618,1767,database
2619,1777,database
2620,1783,database
2621,1789,database
2622,1795,database
2623,1809,database
2624,1811,database
2625,1821,database
2626,1831,database
2627,1841,database
2628,1843,database
2629,1853,database
2630,1867,database
2631,1873,database
2632,1875,database
2633,1890,database
2634,1892,database
2635,1907,database
2636,1917,database
2637,1919,database
2638,1934,database
2639,1939,database
2640,1949,database
2641,1951,database
2642,1965,database
2643,1972,database
2644,1978,database
2645,1988,database
2646,1990,database
2647,2004,database
2648,2010,database
2649,2020,database
2650,2026,database
2651,2041,database
2652,2051,database
2653,2066,database
2654,2072,database
2655,2082,database
2656,2084,database
2657,2112,database
2658,2118,database
2659,2142,database
2660,2153,database
2661,2159,database
2662,2173,database
2663,2175,database
2664,2199,database
2665,2205,database
2666,2228,database
2667,2230,database
2668,2238,database
2669,2252,database
2670,2253,database
2671,2292,database
2672,2298,database
2673,2308,database
2674,2314,database
2675,2324,database
2676,2329,database
2677,2339,database
2678,2346,database
2679,2356,database
2680,2362,database
2681,2372,database
2682,2377,database
2683,2388,database
2684,2394,database
2685,2474,database
2686,2480,database
2687,2494,database
2688,2504,database
2689,2668,database
2690,2669,database
2691,2686,database
2692,2687,database
2693,2688,database
2694,2701,database
2695,2720,database
2696,2738,database
2697,2752,database
2698,192,shell
2699,193,shell
2700,194,shell
2701,195,shell
2702,1114,concurrency
2703,1115,concurrency
2704,1116,concurrency
2705,1117,concurrency
2706,1188,concurrency
2707,1195,concurrency
2708,1226,concurrency
2709,1242,concurrency
2710,1279,concurrency
