slug,name
array,Array
string,String
hash-table,Hash Table
dynamic-programming,Dynamic Programming
math,Math
sorting,Sorting
greedy,Greedy
depth-first-search,Depth-First Search
database,Database
breadth-first-search,Breadth-First Search
binary-search,Binary Search
tree,Tree
matrix,Matrix
binary-tree,Binary Tree
two-pointers,Two Pointers
bit-manipulation,Bit Manipulation
stack,Stack
heap-priority-queue,Heap (Priority Queue)
design,Design
graph,Graph
prefix-sum,Prefix Sum
simulation,Simulation
counting,Counting
backtracking,Backtracking
sliding-window,Sliding Window
union-find,Union Find
linked-list,Linked List
ordered-set,Ordered Set
monotonic-stack,Monotonic Stack
enumeration,Enumeration
recursion,Recursion
trie,Trie
divide-and-conquer,Divide and Conquer
binary-search-tree,Binary Search Tree
bitmask,Bitmask
queue,Queue
memoization,Memoization
geometry,Geometry
segment-tree,Segment Tree
topological-sort,Topological Sort
number-theory,Number Theory
hash-function,Hash Function
binary-indexed-tree,Binary Indexed Tree
game-theory,Game Theory
data-stream,Data Stream
interactive,Interactive
string-matching,String Matching
rolling-hash,Rolling Hash
shortest-path,Shortest Path
combinatorics,Combinatorics
randomized,Randomized
brainteaser,Brainteaser
monotonic-queue,Monotonic Queue
merge-sort,Merge Sort
iterator,Iterator
concurrency,Concurrency
doubly-linked-list,Doubly-Linked List
probability-and-statistics,Probability and Statistics
quickselect,Quickselect
bucket-sort,Bucket Sort
suffix-array,Suffix Array
minimum-spanning-tree,Minimum Spanning Tree
counting-sort,Counting Sort
shell,Shell
line-sweep,Line Sweep
reservoir-sampling,Reservoir Sampling
eulerian-circuit,Eulerian Circuit
radix-sort,Radix Sort
strongly-connected-component,Strongly Connected Component
rejection-sampling,Rejection Sampling
biconnected-component,Biconnected Component
